{
  "lstm": {
    "accuracy": 0.981651376146789,
    "precision": 0.9807692307692307,
    "recall": 0.9935064935064936,
    "f1": 0.9870967741935484,
    "roc_auc": 0.9989853896103896
  },
  "logistic": {
    "accuracy": 0.9220183486238532,
    "precision": 0.9308176100628931,
    "recall": 0.961038961038961,
    "f1": 0.9456869009584664,
    "roc_auc": 0.9796063311688312
  },
  "random_forest": {
    "accuracy": 0.9862385321100917,
    "precision": 0.9808917197452229,
    "recall": 1.0,
    "f1": 0.9903536977491961,
    "roc_auc": 0.9977171266233766
  }
}