{
  "metrics": {
    "accuracy": 0.981651376146789,
    "precision": 0.9807692307692307,
    "recall": 0.9935064935064936,
    "f1": 0.9870967741935484,
    "roc_auc": 0.9989853896103896
  },
  "report": {
    "0": {
      "precision": 0.9838709677419355,
      "recall": 0.953125,
      "f1-score": 0.9682539682539683,
      "support": 64.0
    },
    "1": {
      "precision": 0.9807692307692307,
      "recall": 0.9935064935064936,
      "f1-score": 0.9870967741935484,
      "support": 154.0
    },
    "accuracy": 0.981651376146789,
    "macro avg": {
      "precision": 0.9823200992555832,
      "recall": 0.9733157467532467,
      "f1-score": 0.9776753712237582,
      "support": 218.0
    },
    "weighted avg": {
      "precision": 0.9816798324492908,
      "recall": 0.981651376146789,
      "f1-score": 0.9815649412571579,
      "support": 218.0
    }
  }
}