{
  "metrics": {
    "accuracy": 0.9862385321100917,
    "precision": 0.9808917197452229,
    "recall": 1.0,
    "f1": 0.9903536977491961,
    "roc_auc": 0.9977171266233766
  },
  "report": {
    "0": {
      "precision": 1.0,
      "recall": 0.953125,
      "f1-score": 0.976,
      "support": 64.0
    },
    "1": {
      "precision": 0.9808917197452229,
      "recall": 1.0,
      "f1-score": 0.9903536977491961,
      "support": 154.0
    },
    "accuracy": 0.9862385321100917,
    "macro avg": {
      "precision": 0.9904458598726115,
      "recall": 0.9765625,
      "f1-score": 0.983176848874598,
      "support": 218.0
    },
    "weighted avg": {
      "precision": 0.9865014900952492,
      "recall": 0.9862385321100917,
      "f1-score": 0.9861397681347531,
      "support": 218.0
    }
  }
}