{
  "metrics": {
    "accuracy": 0.9220183486238532,
    "precision": 0.9308176100628931,
    "recall": 0.961038961038961,
    "f1": 0.9456869009584664,
    "roc_auc": 0.9796063311688312
  },
  "report": {
    "0": {
      "precision": 0.8983050847457628,
      "recall": 0.828125,
      "f1-score": 0.8617886178861789,
      "support": 64.0
    },
    "1": {
      "precision": 0.9308176100628931,
      "recall": 0.961038961038961,
      "f1-score": 0.9456869009584664,
      "support": 154.0
    },
    "accuracy": 0.9220183486238532,
    "macro avg": {
      "precision": 0.9145613474043279,
      "recall": 0.8945819805194806,
      "f1-score": 0.9037377594223226,
      "support": 218.0
    },
    "weighted avg": {
      "precision": 0.9212726485019006,
      "recall": 0.9220183486238532,
      "f1-score": 0.9210562123500884,
      "support": 218.0
    }
  }
}